ID,Event Type,X,Y,Selector,Content,Timestamp,Created At
314764,mousemove,409,2,#app > div.survey-wrapper,,2026-03-21 08:10:54 UTC,2026-03-21 08:10:54 UTC
314765,mousemove,496,345,#app > div.survey-wrapper > div.behavior-tracker-root > div.survey-page > main.survey-body > div.survey-section,,2026-03-21 08:10:54 UTC,2026-03-21 08:10:54 UTC
314766,mousemove,463,363,#app > div.survey-wrapper > div.behavior-tracker-root > div.survey-page > main.survey-body,,2026-03-21 08:10:54 UTC,2026-03-21 08:10:54 UTC
314767,scroll,,,,,2026-03-21 08:10:54 UTC,2026-03-21 08:10:55 UTC
314768,mousemove,460,364,#app > div.survey-wrapper > div.behavior-tracker-root > div.survey-page > main.survey-body,,2026-03-21 08:10:55 UTC,2026-03-21 08:10:55 UTC
314769,mousemove,509,293,#app > div.survey-wrapper > div.behavior-tracker-root > div.survey-page > main.survey-body > div.survey-section > div.slider-container > div.slider-bar-wrapper,,2026-03-21 08:10:55 UTC,2026-03-21 08:10:55 UTC
314770,mousemove,528,282,#app > div.survey-wrapper > div.behavior-tracker-root > div.survey-page > main.survey-body > div.survey-section > div.slider-container > div.slider-bar-wrapper > div.slider-input-container > input.native-slider,,2026-03-21 08:10:55 UTC,2026-03-21 08:10:56 UTC
314771,mousemove,528,281,#app > div.survey-wrapper > div.behavior-tracker-root > div.survey-page > main.survey-body > div.survey-section > div.slider-container > div.slider-bar-wrapper > div.slider-input-container > input.native-slider,,2026-03-21 08:10:57 UTC,2026-03-21 08:10:57 UTC
314772,mousemove,520,284,#app > div.survey-wrapper > div.behavior-tracker-root > div.survey-page > main.survey-body > div.survey-section > div.slider-container > div.slider-bar-wrapper > div.slider-input-container > input.native-slider,,2026-03-21 08:10:59 UTC,2026-03-21 08:10:59 UTC
314773,slider,,,.native-slider-1,,2026-03-21 08:10:59 UTC,2026-03-21 08:11:00 UTC
314774,slider,,,.native-slider-1,,2026-03-21 08:10:59 UTC,2026-03-21 08:11:00 UTC
314775,slider,,,.native-slider-1,,2026-03-21 08:10:59 UTC,2026-03-21 08:11:00 UTC
314776,slider,,,.native-slider-1,,2026-03-21 08:10:59 UTC,2026-03-21 08:11:00 UTC
314777,slider,,,.native-slider-1,,2026-03-21 08:11:00 UTC,2026-03-21 08:11:00 UTC
314778,mousemove,1080,280,#app > div.survey-wrapper > div.behavior-tracker-root > div.survey-page > main.survey-body > div.survey-section > div.slider-container > div.slider-bar-wrapper > div.slider-input-container > input.native-slider,,2026-03-21 08:11:00 UTC,2026-03-21 08:11:00 UTC
314779,slider,,,.native-slider-1,,2026-03-21 08:11:00 UTC,2026-03-21 08:11:00 UTC
314780,slider,,,.native-slider-1,,2026-03-21 08:11:00 UTC,2026-03-21 08:11:00 UTC
314781,mousemove,1169,274,#app > div.survey-wrapper > div.behavior-tracker-root > div.survey-page > main.survey-body > div.survey-section > div.slider-container > div.slider-bar-wrapper > div.slider-input-container.disabled > input.native-slider,,2026-03-21 08:11:00 UTC,2026-03-21 08:11:00 UTC
314782,scroll,,,,,2026-03-21 08:11:00 UTC,2026-03-21 08:11:00 UTC
314783,mousemove,799,329,#app > div.survey-wrapper > div.behavior-tracker-root > div.survey-page > main.survey-body > div.survey-section > label.question-label,,2026-03-21 08:11:01 UTC,2026-03-21 08:11:01 UTC
314784,mousemove,604,331,#app > div.survey-wrapper > div.behavior-tracker-root > div.survey-page > main.survey-body > div.survey-section > label.question-label,,2026-03-21 08:11:01 UTC,2026-03-21 08:11:01 UTC
314785,mousemove,538,371,#app > div.survey-wrapper > div.behavior-tracker-root > div.survey-page > main.survey-body > div.survey-section > div.slider-container > div.slider-bar-wrapper > div.slider-input-container > input.native-slider,,2026-03-21 08:11:01 UTC,2026-03-21 08:11:02 UTC
314786,mousemove,531,370,#app > div.survey-wrapper > div.behavior-tracker-root > div.survey-page > main.survey-body > div.survey-section > div.slider-container > div.slider-bar-wrapper > div.slider-input-container > input.native-slider,,2026-03-21 08:11:02 UTC,2026-03-21 08:11:02 UTC
314787,mousemove,528,370,#app > div.survey-wrapper > div.behavior-tracker-root > div.survey-page > main.survey-body > div.survey-section > div.slider-container > div.slider-bar-wrapper > div.slider-input-container > input.native-slider,,2026-03-21 08:11:03 UTC,2026-03-21 08:11:03 UTC
314788,mousemove,526,372,#app > div.survey-wrapper > div.behavior-tracker-root > div.survey-page > main.survey-body > div.survey-section > div.slider-container > div.slider-bar-wrapper > div.slider-input-container > input.native-slider,,2026-03-21 08:11:11 UTC,2026-03-21 08:11:12 UTC
314789,mousemove,544,375,#app > div.survey-wrapper > div.behavior-tracker-root > div.survey-page > main.survey-body > div.survey-section > div.slider-container > div.slider-bar-wrapper > div.slider-input-container > input.native-slider,,2026-03-21 08:11:12 UTC,2026-03-21 08:11:12 UTC
314790,mousemove,559,375,#app > div.survey-wrapper > div.behavior-tracker-root > div.survey-page > main.survey-body > div.survey-section > div.slider-container > div.slider-bar-wrapper > div.slider-input-container > input.native-slider,,2026-03-21 08:11:12 UTC,2026-03-21 08:11:12 UTC
314791,slider,,,.native-slider-2,,2026-03-21 08:11:12 UTC,2026-03-21 08:11:12 UTC
314792,mousemove,603,371,#app > div.survey-wrapper > div.behavior-tracker-root > div.survey-page > main.survey-body > div.survey-section > div.slider-container > div.slider-bar-wrapper > div.slider-input-container > input.native-slider,,2026-03-21 08:11:13 UTC,2026-03-21 08:11:13 UTC
314793,mousemove,638,370,#app > div.survey-wrapper > div.behavior-tracker-root > div.survey-page > main.survey-body > div.survey-section > div.slider-container > div.slider-bar-wrapper > div.slider-input-container > input.native-slider,,2026-03-21 08:11:13 UTC,2026-03-21 08:11:13 UTC
314794,mousemove,648,370,#app > div.survey-wrapper > div.behavior-tracker-root > div.survey-page > main.survey-body > div.survey-section > div.slider-container > div.slider-bar-wrapper > div.slider-input-container > input.native-slider,,2026-03-21 08:11:13 UTC,2026-03-21 08:11:13 UTC
314795,slider,,,.native-slider-2,,2026-03-21 08:11:13 UTC,2026-03-21 08:11:13 UTC
314796,mousemove,712,370,#app > div.survey-wrapper > div.behavior-tracker-root > div.survey-page > main.survey-body > div.survey-section > div.slider-container > div.slider-bar-wrapper > div.slider-input-container > input.native-slider,,2026-03-21 08:11:13 UTC,2026-03-21 08:11:14 UTC
314797,mousemove,785,364,#app > div.survey-wrapper > div.behavior-tracker-root > div.survey-page > main.survey-body > div.survey-section > div.slider-container > div.slider-bar-wrapper > div.slider-input-container > input.native-slider,,2026-03-21 08:11:14 UTC,2026-03-21 08:11:14 UTC
314798,slider,,,.native-slider-2,,2026-03-21 08:11:14 UTC,2026-03-21 08:11:14 UTC
314799,mousemove,862,364,#app > div.survey-wrapper > div.behavior-tracker-root > div.survey-page > main.survey-body > div.survey-section > div.slider-container > div.slider-bar-wrapper > div.slider-input-container > input.native-slider,,2026-03-21 08:11:14 UTC,2026-03-21 08:11:15 UTC
314800,mousemove,889,365,#app > div.survey-wrapper > div.behavior-tracker-root > div.survey-page > main.survey-body > div.survey-section > div.slider-container > div.slider-bar-wrapper > div.slider-input-container > input.native-slider,,2026-03-21 08:11:15 UTC,2026-03-21 08:11:15 UTC
314801,slider,,,.native-slider-2,,2026-03-21 08:11:15 UTC,2026-03-21 08:11:15 UTC
314802,slider,,,.native-slider-2,,2026-03-21 08:11:15 UTC,2026-03-21 08:11:15 UTC
314803,slider,,,.native-slider-2,,2026-03-21 08:11:15 UTC,2026-03-21 08:11:15 UTC
314804,mousemove,1184,364,#app > div.survey-wrapper > div.behavior-tracker-root > div.survey-page > main.survey-body > div.survey-section > div.slider-container > div.slider-bar-wrapper > div.slider-input-container > input.native-slider,,2026-03-21 08:11:15 UTC,2026-03-21 08:11:15 UTC
314805,slider,,,.native-slider-2,,2026-03-21 08:11:15 UTC,2026-03-21 08:11:15 UTC
314806,mousemove,1205,364,#app > div.survey-wrapper > div.behavior-tracker-root > div.survey-page > main.survey-body,,2026-03-21 08:11:15 UTC,2026-03-21 08:11:15 UTC
314807,mousemove,995,362,#app > div.survey-wrapper > div.behavior-tracker-root > div.survey-page > main.survey-body > div.survey-section > div.slider-container > div.slider-bar-wrapper > div.slider-input-container.disabled > input.native-slider,,2026-03-21 08:11:16 UTC,2026-03-21 08:11:16 UTC
314808,scroll,,,,,2026-03-21 08:11:16 UTC,2026-03-21 08:11:16 UTC
314809,mousemove,947,368,#app > div.survey-wrapper > div.behavior-tracker-root > div.survey-page > main.survey-body > div.survey-section > div.slider-container > div.slider-bar-wrapper,,2026-03-21 08:11:16 UTC,2026-03-21 08:11:16 UTC
314810,mousemove,538,345,#app > div.survey-wrapper > div.behavior-tracker-root > div.survey-page > main.survey-body > div.survey-section > div.slider-container > div.slider-bar-wrapper > div.slider-input-container > input.native-slider,,2026-03-21 08:11:16 UTC,2026-03-21 08:11:16 UTC
314811,mousemove,517,360,#app > div.survey-wrapper > div.behavior-tracker-root > div.survey-page > main.survey-body > div.survey-section > div.slider-container > div.slider-bar-wrapper > div.slider-input-container > input.native-slider,,2026-03-21 08:11:17 UTC,2026-03-21 08:11:17 UTC
314812,mousemove,524,356,#app > div.survey-wrapper > div.behavior-tracker-root > div.survey-page > main.survey-body > div.survey-section > div.slider-container > div.slider-bar-wrapper > div.slider-input-container > input.native-slider,,2026-03-21 08:11:22 UTC,2026-03-21 08:11:22 UTC
314813,slider,,,.native-slider-3,,2026-03-21 08:11:22 UTC,2026-03-21 08:11:23 UTC
314814,slider,,,.native-slider-3,,2026-03-21 08:11:23 UTC,2026-03-21 08:11:23 UTC
314815,mousemove,822,356,#app > div.survey-wrapper > div.behavior-tracker-root > div.survey-page > main.survey-body > div.survey-section > div.slider-container > div.slider-bar-wrapper > div.slider-input-container > input.native-slider,,2026-03-21 08:11:23 UTC,2026-03-21 08:11:23 UTC
314816,slider,,,.native-slider-3,,2026-03-21 08:11:23 UTC,2026-03-21 08:11:23 UTC
314817,slider,,,.native-slider-3,,2026-03-21 08:11:23 UTC,2026-03-21 08:11:23 UTC
314818,slider,,,.native-slider-3,,2026-03-21 08:11:23 UTC,2026-03-21 08:11:23 UTC
314819,mousemove,1018,355,#app > div.survey-wrapper > div.behavior-tracker-root > div.survey-page > main.survey-body > div.survey-section > div.slider-container > div.slider-bar-wrapper > div.slider-input-container > input.native-slider,,2026-03-21 08:11:23 UTC,2026-03-21 08:11:23 UTC
314820,mousemove,1051,355,#app > div.survey-wrapper > div.behavior-tracker-root > div.survey-page > main.survey-body > div.survey-section > div.slider-container > div.slider-bar-wrapper > div.slider-input-container > input.native-slider,,2026-03-21 08:11:23 UTC,2026-03-21 08:11:24 UTC
314821,mousemove,1052,355,#app > div.survey-wrapper > div.behavior-tracker-root > div.survey-page > main.survey-body > div.survey-section > div.slider-container > div.slider-bar-wrapper > div.slider-input-container > input.native-slider,,2026-03-21 08:11:25 UTC,2026-03-21 08:11:25 UTC
314822,mousemove,1054,355,#app > div.survey-wrapper > div.behavior-tracker-root > div.survey-page > main.survey-body > div.survey-section > div.slider-container > div.slider-bar-wrapper > div.slider-input-container > input.native-slider,,2026-03-21 08:11:26 UTC,2026-03-21 08:11:26 UTC
314823,mousemove,1056,355,#app > div.survey-wrapper > div.behavior-tracker-root > div.survey-page > main.survey-body > div.survey-section > div.slider-container > div.slider-bar-wrapper > div.slider-input-container > input.native-slider,,2026-03-21 08:11:27 UTC,2026-03-21 08:11:27 UTC
314824,slider,,,.native-slider-3,,2026-03-21 08:11:27 UTC,2026-03-21 08:11:27 UTC
314825,mousemove,1114,355,#app > div.survey-wrapper > div.behavior-tracker-root > div.survey-page > main.survey-body > div.survey-section > div.slider-container > div.slider-bar-wrapper > div.slider-input-container > input.native-slider,,2026-03-21 08:11:28 UTC,2026-03-21 08:11:28 UTC
314826,slider,,,.native-slider-3,,2026-03-21 08:11:28 UTC,2026-03-21 08:11:28 UTC
314827,slider,,,.native-slider-3,,2026-03-21 08:11:30 UTC,2026-03-21 08:11:30 UTC
314828,mousemove,1040,361,#app > div.survey-wrapper > div.behavior-tracker-root > div.survey-page > main.survey-body > div.survey-section > div.slider-container > div.slider-bar-wrapper > div.slider-input-container.disabled > input.native-slider,,2026-03-21 08:11:30 UTC,2026-03-21 08:11:30 UTC
314829,mousemove,962,378,#app > div.survey-wrapper > div.behavior-tracker-root > div.survey-page > main.survey-body > div.survey-section > div.slider-container > div.slider-bar-wrapper > div.slider-ticks > span,,2026-03-21 08:11:30 UTC,2026-03-21 08:11:30 UTC
314830,scroll,,,,,2026-03-21 08:11:30 UTC,2026-03-21 08:11:30 UTC
314831,mousemove,937,378,#app > div.survey-wrapper > div.behavior-tracker-root > div.survey-page > main.survey-body > div.survey-section > div.slider-container > div.slider-bar-wrapper,,2026-03-21 08:11:30 UTC,2026-03-21 08:11:30 UTC
314832,mousemove,694,344,#app > div.survey-wrapper > div.behavior-tracker-root > div.survey-page > main.survey-body > div.survey-section > div.slider-container > div.slider-bar-wrapper > div.slider-input-container,,2026-03-21 08:11:31 UTC,2026-03-21 08:11:31 UTC
314833,mousemove,604,290,#app > div.survey-wrapper > div.behavior-tracker-root > div.survey-page > main.survey-body > div.survey-section > label.question-label,,2026-03-21 08:11:31 UTC,2026-03-21 08:11:31 UTC
314834,mousemove,564,291,#app > div.survey-wrapper > div.behavior-tracker-root > div.survey-page > main.survey-body > div.survey-section > label.question-label,,2026-03-21 08:11:31 UTC,2026-03-21 08:11:31 UTC
314835,mousemove,725,294,#app > div.survey-wrapper > div.behavior-tracker-root > div.survey-page > main.survey-body > div.survey-section > label.question-label,,2026-03-21 08:11:32 UTC,2026-03-21 08:11:32 UTC
314836,mousemove,892,288,#app > div.survey-wrapper > div.behavior-tracker-root > div.survey-page > main.survey-body > div.survey-section > label.question-label,,2026-03-21 08:11:32 UTC,2026-03-21 08:11:32 UTC
314837,mousemove,962,286,#app > div.survey-wrapper > div.behavior-tracker-root > div.survey-page > main.survey-body > div.survey-section > label.question-label,,2026-03-21 08:11:32 UTC,2026-03-21 08:11:32 UTC
314838,mousemove,975,286,#app > div.survey-wrapper > div.behavior-tracker-root > div.survey-page > main.survey-body > div.survey-section > label.question-label,,2026-03-21 08:11:32 UTC,2026-03-21 08:11:33 UTC
314839,mousemove,1012,285,#app > div.survey-wrapper > div.behavior-tracker-root > div.survey-page > main.survey-body > div.survey-section > label.question-label,,2026-03-21 08:11:33 UTC,2026-03-21 08:11:33 UTC
314840,mousemove,639,306,#app > div.survey-wrapper > div.behavior-tracker-root > div.survey-page > main.survey-body > div.survey-section,,2026-03-21 08:11:33 UTC,2026-03-21 08:11:33 UTC
314841,mousemove,554,301,#app > div.survey-wrapper > div.behavior-tracker-root > div.survey-page > main.survey-body > div.survey-section,,2026-03-21 08:11:33 UTC,2026-03-21 08:11:33 UTC
314842,mousemove,560,294,#app > div.survey-wrapper > div.behavior-tracker-root > div.survey-page > main.survey-body > div.survey-section > label.question-label,,2026-03-21 08:11:34 UTC,2026-03-21 08:11:34 UTC
314843,mousemove,548,305,#app > div.survey-wrapper > div.behavior-tracker-root > div.survey-page > main.survey-body > div.survey-section,,2026-03-21 08:11:34 UTC,2026-03-21 08:11:34 UTC
314844,mousemove,530,330,#app > div.survey-wrapper > div.behavior-tracker-root > div.survey-page > main.survey-body > div.survey-section > div.slider-container > div.slider-bar-wrapper > div.slider-input-container > input.native-slider,,2026-03-21 08:11:34 UTC,2026-03-21 08:11:34 UTC
314845,mousemove,528,333,#app > div.survey-wrapper > div.behavior-tracker-root > div.survey-page > main.survey-body > div.survey-section > div.slider-container > div.slider-bar-wrapper > div.slider-input-container > input.native-slider,,2026-03-21 08:11:35 UTC,2026-03-21 08:11:35 UTC
314846,mousemove,528,334,#app > div.survey-wrapper > div.behavior-tracker-root > div.survey-page > main.survey-body > div.survey-section > div.slider-container > div.slider-bar-wrapper > div.slider-input-container > input.native-slider,,2026-03-21 08:11:43 UTC,2026-03-21 08:11:44 UTC
314847,slider,,,.native-slider-4,,2026-03-21 08:11:43 UTC,2026-03-21 08:11:44 UTC
314848,mousemove,605,353,#app > div.survey-wrapper > div.behavior-tracker-root > div.survey-page > main.survey-body > div.survey-section > div.slider-container > div.slider-bar-wrapper > div.slider-input-container > input.native-slider,,2026-03-21 08:11:44 UTC,2026-03-21 08:11:44 UTC
314849,slider,,,.native-slider-4,,2026-03-21 08:11:44 UTC,2026-03-21 08:11:44 UTC
314850,mousemove,739,355,#app > div.survey-wrapper > div.behavior-tracker-root > div.survey-page > main.survey-body > div.survey-section > div.slider-container > div.slider-bar-wrapper > div.slider-input-container > input.native-slider,,2026-03-21 08:11:44 UTC,2026-03-21 08:11:44 UTC
314851,slider,,,.native-slider-4,,2026-03-21 08:11:44 UTC,2026-03-21 08:11:44 UTC
314852,mousemove,861,352,#app > div.survey-wrapper > div.behavior-tracker-root > div.survey-page > main.survey-body > div.survey-section > div.slider-container > div.slider-bar-wrapper > div.slider-input-container > input.native-slider,,2026-03-21 08:11:44 UTC,2026-03-21 08:11:45 UTC
314853,mousemove,870,351,#app > div.survey-wrapper > div.behavior-tracker-root > div.survey-page > main.survey-body > div.survey-section > div.slider-container > div.slider-bar-wrapper > div.slider-input-container > input.native-slider,,2026-03-21 08:11:47 UTC,2026-03-21 08:11:47 UTC
314854,slider,,,.native-slider-4,,2026-03-21 08:11:47 UTC,2026-03-21 08:11:47 UTC
314855,mousemove,928,346,#app > div.survey-wrapper > div.behavior-tracker-root > div.survey-page > main.survey-body > div.survey-section > div.slider-container > div.slider-bar-wrapper > div.slider-input-container > input.native-slider,,2026-03-21 08:11:47 UTC,2026-03-21 08:11:47 UTC
314856,mousemove,980,346,#app > div.survey-wrapper > div.behavior-tracker-root > div.survey-page > main.survey-body > div.survey-section > div.slider-container > div.slider-bar-wrapper > div.slider-input-container > input.native-slider,,2026-03-21 08:11:48 UTC,2026-03-21 08:11:48 UTC
314857,slider,,,.native-slider-4,,2026-03-21 08:11:49 UTC,2026-03-21 08:11:49 UTC
314858,slider,,,.native-slider-4,,2026-03-21 08:11:49 UTC,2026-03-21 08:11:49 UTC
314859,mousemove,1076,346,#app > div.survey-wrapper > div.behavior-tracker-root > div.survey-page > main.survey-body > div.survey-section > div.slider-container > div.slider-bar-wrapper > div.slider-input-container.disabled,,2026-03-21 08:11:49 UTC,2026-03-21 08:11:49 UTC
314860,mousemove,928,388,#app > div.survey-wrapper > div.behavior-tracker-root > div.survey-page > main.survey-body > div.survey-section > div.slider-container > div.slider-bar-wrapper > div.slider-labels,,2026-03-21 08:11:49 UTC,2026-03-21 08:11:50 UTC
314861,scroll,,,,,2026-03-21 08:11:50 UTC,2026-03-21 08:11:50 UTC
314862,mousemove,896,390,#app > div.survey-wrapper > div.behavior-tracker-root > div.survey-page > main.survey-body > div.survey-section > label.question-label,,2026-03-21 08:11:50 UTC,2026-03-21 08:11:50 UTC
314863,mousemove,556,393,#app > div.survey-wrapper > div.behavior-tracker-root > div.survey-page > main.survey-body > div.survey-section,,2026-03-21 08:11:50 UTC,2026-03-21 08:11:50 UTC
314864,mousemove,527,432,#app > div.survey-wrapper > div.behavior-tracker-root > div.survey-page > main.survey-body > div.survey-section > div.slider-container > div.slider-bar-wrapper > div.slider-input-container > input.native-slider,,2026-03-21 08:11:50 UTC,2026-03-21 08:11:51 UTC
314865,mousemove,528,432,#app > div.survey-wrapper > div.behavior-tracker-root > div.survey-page > main.survey-body > div.survey-section > div.slider-container > div.slider-bar-wrapper > div.slider-input-container > input.native-slider,,2026-03-21 08:11:54 UTC,2026-03-21 08:11:54 UTC
314866,slider,,,.native-slider-5,,2026-03-21 08:11:55 UTC,2026-03-21 08:11:55 UTC
314867,slider,,,.native-slider-5,,2026-03-21 08:11:55 UTC,2026-03-21 08:11:55 UTC
314868,mousemove,809,432,#app > div.survey-wrapper > div.behavior-tracker-root > div.survey-page > main.survey-body > div.survey-section > div.slider-container > div.slider-bar-wrapper > div.slider-input-container > input.native-slider,,2026-03-21 08:11:55 UTC,2026-03-21 08:11:55 UTC
314869,slider,,,.native-slider-5,,2026-03-21 08:11:55 UTC,2026-03-21 08:11:55 UTC
314870,slider,,,.native-slider-5,,2026-03-21 08:11:55 UTC,2026-03-21 08:11:55 UTC
314871,slider,,,.native-slider-5,,2026-03-21 08:11:55 UTC,2026-03-21 08:11:55 UTC
314872,mousemove,1059,432,#app > div.survey-wrapper > div.behavior-tracker-root > div.survey-page > main.survey-body > div.survey-section > div.slider-container > div.slider-bar-wrapper > div.slider-input-container > input.native-slider,,2026-03-21 08:11:55 UTC,2026-03-21 08:11:55 UTC
314873,mousemove,1088,432,#app > div.survey-wrapper > div.behavior-tracker-root > div.survey-page > main.survey-body > div.survey-section > div.slider-container > div.slider-bar-wrapper > div.slider-input-container > input.native-slider,,2026-03-21 08:11:55 UTC,2026-03-21 08:11:56 UTC
314874,mousemove,1100,431,#app > div.survey-wrapper > div.behavior-tracker-root > div.survey-page > main.survey-body > div.survey-section > div.slider-container > div.slider-bar-wrapper > div.slider-input-container > input.native-slider,,2026-03-21 08:11:56 UTC,2026-03-21 08:11:56 UTC
314875,slider,,,.native-slider-5,,2026-03-21 08:11:56 UTC,2026-03-21 08:11:56 UTC
314876,mousemove,1184,424,#app > div.survey-wrapper > div.behavior-tracker-root > div.survey-page > main.survey-body > div.survey-section > div.slider-container > div.slider-bar-wrapper > div.slider-input-container > input.native-slider,,2026-03-21 08:11:56 UTC,2026-03-21 08:11:56 UTC
314877,slider,,,.native-slider-5,,2026-03-21 08:11:56 UTC,2026-03-21 08:11:56 UTC
314878,mousemove,840,427,#app > div.survey-wrapper > div.behavior-tracker-root > div.survey-page > main.survey-body > div.survey-section > div.slider-container > div.slider-bar-wrapper > div.slider-input-container.disabled > input.native-slider,,2026-03-21 08:11:56 UTC,2026-03-21 08:11:57 UTC
314879,scroll,,,,,2026-03-21 08:11:56 UTC,2026-03-21 08:11:57 UTC
314880,mousemove,795,430,#app > div.survey-wrapper > div.behavior-tracker-root > div.survey-page > main.survey-body > div.survey-section > div.slider-container > div.slider-bar-wrapper,,2026-03-21 08:11:57 UTC,2026-03-21 08:11:57 UTC
314881,mousemove,511,438,#app > div.survey-wrapper > div.behavior-tracker-root > div.survey-page > main.survey-body > div.survey-section > div.slider-container > div.slider-bar-wrapper > div.slider-ticks > span,,2026-03-21 08:11:57 UTC,2026-03-21 08:11:57 UTC
314882,mousemove,512,416,#app > div.survey-wrapper > div.behavior-tracker-root > div.survey-page > main.survey-body > div.survey-section > div.slider-container > div.slider-bar-wrapper > div.slider-input-container > input.native-slider,,2026-03-21 08:11:57 UTC,2026-03-21 08:11:57 UTC
314883,mousemove,515,409,#app > div.survey-wrapper > div.behavior-tracker-root > div.survey-page > main.survey-body > div.survey-section > div.slider-container > div.slider-bar-wrapper > div.slider-input-container > input.native-slider,,2026-03-21 08:12:00 UTC,2026-03-21 08:12:00 UTC
314884,mousemove,528,412,#app > div.survey-wrapper > div.behavior-tracker-root > div.survey-page > main.survey-body > div.survey-section > div.slider-container > div.slider-bar-wrapper > div.slider-input-container > input.native-slider,,2026-03-21 08:12:01 UTC,2026-03-21 08:12:01 UTC
314885,mousemove,539,412,#app > div.survey-wrapper > div.behavior-tracker-root > div.survey-page > main.survey-body > div.survey-section > div.slider-container > div.slider-bar-wrapper > div.slider-input-container > input.native-slider,,2026-03-21 08:12:01 UTC,2026-03-21 08:12:01 UTC
314886,mousemove,557,412,#app > div.survey-wrapper > div.behavior-tracker-root > div.survey-page > main.survey-body > div.survey-section > div.slider-container > div.slider-bar-wrapper > div.slider-input-container > input.native-slider,,2026-03-21 08:12:01 UTC,2026-03-21 08:12:01 UTC
314887,mousemove,568,413,#app > div.survey-wrapper > div.behavior-tracker-root > div.survey-page > main.survey-body > div.survey-section > div.slider-container > div.slider-bar-wrapper > div.slider-input-container > input.native-slider,,2026-03-21 08:12:02 UTC,2026-03-21 08:12:02 UTC
314888,click,573,415,#app > div.survey-wrapper > div.behavior-tracker-root > div.survey-page > main.survey-body > div.survey-section > div.slider-container > div.slider-bar-wrapper > div.slider-input-container > input.native-slider,,2026-03-21 08:12:02 UTC,2026-03-21 08:12:02 UTC
314889,mousemove,572,416,#app > div.survey-wrapper > div.behavior-tracker-root > div.survey-page > main.survey-body > div.survey-section > div.slider-container > div.slider-bar-wrapper > div.slider-input-container > input.native-slider,,2026-03-21 08:12:02 UTC,2026-03-21 08:12:02 UTC
314890,mousemove,538,402,#app > div.survey-wrapper > div.behavior-tracker-root > div.survey-page > main.survey-body > div.survey-section > div.slider-container > div.slider-bar-wrapper > div.slider-input-container > input.native-slider,,2026-03-21 08:12:02 UTC,2026-03-21 08:12:03 UTC
314891,mousemove,522,403,#app > div.survey-wrapper > div.behavior-tracker-root > div.survey-page > main.survey-body > div.survey-section > div.slider-container > div.slider-bar-wrapper > div.slider-input-container > input.native-slider,,2026-03-21 08:12:03 UTC,2026-03-21 08:12:03 UTC
314892,slider,,,.native-slider-6,,2026-03-21 08:12:03 UTC,2026-03-21 08:12:03 UTC
314893,slider,,,.native-slider-6,,2026-03-21 08:12:03 UTC,2026-03-21 08:12:03 UTC
314894,mousemove,576,418,#app > div.survey-wrapper > div.behavior-tracker-root > div.survey-page > main.survey-body > div.survey-section > div.slider-container > div.slider-bar-wrapper > div.slider-input-container.disabled,,2026-03-21 08:12:03 UTC,2026-03-21 08:12:03 UTC
314895,mousemove,552,418,#app > div.survey-wrapper > div.behavior-tracker-root > div.survey-page > main.survey-body > div.survey-section > div.slider-container > div.slider-bar-wrapper > div.slider-input-container.disabled,,2026-03-21 08:12:04 UTC,2026-03-21 08:12:04 UTC
314896,mousemove,541,442,#app > div.survey-wrapper > div.behavior-tracker-root > div.survey-page > main.survey-body > div.survey-section > div.slider-container > div.slider-bar-wrapper > div.slider-ticks > span,,2026-03-21 08:12:04 UTC,2026-03-21 08:12:04 UTC
314897,mousemove,601,463,#app > div.survey-wrapper > div.behavior-tracker-root > div.survey-page > main.survey-body > div.survey-section > div.slider-container > div.slider-bar-wrapper > div.slider-labels > span.label-min,,2026-03-21 08:12:04 UTC,2026-03-21 08:12:04 UTC
314898,scroll,,,,,2026-03-21 08:12:05 UTC,2026-03-21 08:12:05 UTC
314899,mousemove,591,462,#app > div.survey-wrapper > div.behavior-tracker-root > div.survey-page > main.survey-body,,2026-03-21 08:12:05 UTC,2026-03-21 08:12:05 UTC
314900,mousemove,588,455,#app > div.survey-wrapper > div.behavior-tracker-root > div.survey-page > main.survey-body > div.survey-section > label.question-label,,2026-03-21 08:12:05 UTC,2026-03-21 08:12:05 UTC
314901,mousemove,581,449,#app > div.survey-wrapper > div.behavior-tracker-root > div.survey-page > main.survey-body > div.survey-section > label.question-label,,2026-03-21 08:12:05 UTC,2026-03-21 08:12:05 UTC
314902,mousemove,512,498,#app > div.survey-wrapper > div.behavior-tracker-root > div.survey-page > main.survey-body > div.survey-section > div.slider-container > div.slider-bar-wrapper > div.slider-input-container > input.native-slider,,2026-03-21 08:12:06 UTC,2026-03-21 08:12:06 UTC
314903,mousemove,518,507,#app > div.survey-wrapper > div.behavior-tracker-root > div.survey-page > main.survey-body > div.survey-section > div.slider-container > div.slider-bar-wrapper > div.slider-input-container > input.native-slider,,2026-03-21 08:12:06 UTC,2026-03-21 08:12:06 UTC
314904,mousemove,558,466,#app > div.survey-wrapper > div.behavior-tracker-root > div.survey-page > main.survey-body > div.survey-section > label.question-label,,2026-03-21 08:12:07 UTC,2026-03-21 08:12:07 UTC
314905,mousemove,560,451,#app > div.survey-wrapper > div.behavior-tracker-root > div.survey-page > main.survey-body > div.survey-section > label.question-label,,2026-03-21 08:12:07 UTC,2026-03-21 08:12:07 UTC
314906,mousemove,541,492,#app > div.survey-wrapper > div.behavior-tracker-root > div.survey-page > main.survey-body > div.survey-section > div.slider-container > div.slider-bar-wrapper > div.slider-input-container > input.native-slider,,2026-03-21 08:12:07 UTC,2026-03-21 08:12:07 UTC
314907,mousemove,522,500,#app > div.survey-wrapper > div.behavior-tracker-root > div.survey-page > main.survey-body > div.survey-section > div.slider-container > div.slider-bar-wrapper > div.slider-input-container > input.native-slider,,2026-03-21 08:12:08 UTC,2026-03-21 08:12:08 UTC
314908,slider,,,.native-slider-7,,2026-03-21 08:12:08 UTC,2026-03-21 08:12:08 UTC
314909,mousemove,607,503,#app > div.survey-wrapper > div.behavior-tracker-root > div.survey-page > main.survey-body > div.survey-section > div.slider-container > div.slider-bar-wrapper > div.slider-input-container > input.native-slider,,2026-03-21 08:12:08 UTC,2026-03-21 08:12:09 UTC
314910,mousemove,592,503,#app > div.survey-wrapper > div.behavior-tracker-root > div.survey-page > main.survey-body > div.survey-section > div.slider-container > div.slider-bar-wrapper > div.slider-input-container > input.native-slider,,2026-03-21 08:12:09 UTC,2026-03-21 08:12:09 UTC
314911,mousemove,590,503,#app > div.survey-wrapper > div.behavior-tracker-root > div.survey-page > main.survey-body > div.survey-section > div.slider-container > div.slider-bar-wrapper > div.slider-input-container > input.native-slider,,2026-03-21 08:12:10 UTC,2026-03-21 08:12:10 UTC
314912,mousemove,588,503,#app > div.survey-wrapper > div.behavior-tracker-root > div.survey-page > main.survey-body > div.survey-section > div.slider-container > div.slider-bar-wrapper > div.slider-input-container > input.native-slider,,2026-03-21 08:12:10 UTC,2026-03-21 08:12:10 UTC
314913,mousemove,588,502,#app > div.survey-wrapper > div.behavior-tracker-root > div.survey-page > main.survey-body > div.survey-section > div.slider-container > div.slider-bar-wrapper > div.slider-input-container > input.native-slider,,2026-03-21 08:12:11 UTC,2026-03-21 08:12:11 UTC
314914,mousemove,603,497,#app > div.survey-wrapper > div.behavior-tracker-root > div.survey-page > main.survey-body > div.survey-section > div.slider-container > div.slider-bar-wrapper > div.slider-input-container > input.native-slider,,2026-03-21 08:12:11 UTC,2026-03-21 08:12:11 UTC
314915,mousemove,684,491,#app > div.survey-wrapper > div.behavior-tracker-root > div.survey-page > main.survey-body > div.survey-section > div.slider-container > div.slider-bar-wrapper > div.slider-input-container > input.native-slider,,2026-03-21 08:12:11 UTC,2026-03-21 08:12:11 UTC
314916,slider,,,.native-slider-7,,2026-03-21 08:12:11 UTC,2026-03-21 08:12:12 UTC
314917,mousemove,776,488,#app > div.survey-wrapper > div.behavior-tracker-root > div.survey-page > main.survey-body > div.survey-section > div.slider-container > div.slider-bar-wrapper > div.slider-input-container > input.native-slider,,2026-03-21 08:12:12 UTC,2026-03-21 08:12:12 UTC
314918,slider,,,.native-slider-7,,2026-03-21 08:12:12 UTC,2026-03-21 08:12:12 UTC
314919,mousemove,856,493,#app > div.survey-wrapper > div.behavior-tracker-root > div.survey-page > main.survey-body > div.survey-section > div.slider-container > div.slider-bar-wrapper > div.slider-input-container > input.native-slider,,2026-03-21 08:12:14 UTC,2026-03-21 08:12:14 UTC
314920,slider,,,.native-slider-7,,2026-03-21 08:12:14 UTC,2026-03-21 08:12:14 UTC
314921,mousemove,975,493,#app > div.survey-wrapper > div.behavior-tracker-root > div.survey-page > main.survey-body > div.survey-section > div.slider-container > div.slider-bar-wrapper > div.slider-input-container > input.native-slider,,2026-03-21 08:12:14 UTC,2026-03-21 08:12:14 UTC
314922,slider,,,.native-slider-7,,2026-03-21 08:12:14 UTC,2026-03-21 08:12:14 UTC
314923,mousemove,1053,500,#app > div.survey-wrapper > div.behavior-tracker-root > div.survey-page > main.survey-body > div.survey-section > div.slider-container > div.slider-bar-wrapper > div.slider-input-container > input.native-slider,,2026-03-21 08:12:14 UTC,2026-03-21 08:12:15 UTC
314924,mousemove,1088,510,#app > div.survey-wrapper > div.behavior-tracker-root > div.survey-page > main.survey-body > div.survey-section > div.slider-container > div.slider-bar-wrapper > div.slider-input-container > input.native-slider,,2026-03-21 08:12:16 UTC,2026-03-21 08:12:16 UTC
314925,slider,,,.native-slider-7,,2026-03-21 08:12:17 UTC,2026-03-21 08:12:17 UTC
314926,mousemove,1082,510,#app > div.survey-wrapper > div.behavior-tracker-root > div.survey-page > main.survey-body > div.survey-section > div.slider-container > div.slider-bar-wrapper > div.slider-input-container.disabled > input.native-slider,,2026-03-21 08:12:17 UTC,2026-03-21 08:12:17 UTC
314927,mousemove,895,476,#app > div.survey-wrapper > div.behavior-tracker-root > div.survey-page > main.survey-body > div.survey-section,,2026-03-21 08:12:17 UTC,2026-03-21 08:12:17 UTC
314928,scroll,,,,,2026-03-21 08:12:17 UTC,2026-03-21 08:12:17 UTC
314929,mousemove,757,476,#app > div.survey-wrapper > div.behavior-tracker-root > div.survey-page > main.survey-body > div.survey-section > div.slider-container > div.slider-bar-wrapper > div.slider-input-container > input.native-slider,,2026-03-21 08:12:17 UTC,2026-03-21 08:12:18 UTC
314930,mousemove,515,484,#app > div.survey-wrapper > div.behavior-tracker-root > div.survey-page > main.survey-body > div.survey-section > div.slider-container > div.slider-bar-wrapper > div.slider-input-container > input.native-slider,,2026-03-21 08:12:18 UTC,2026-03-21 08:12:18 UTC
314931,mousemove,519,484,#app > div.survey-wrapper > div.behavior-tracker-root > div.survey-page > main.survey-body > div.survey-section > div.slider-container > div.slider-bar-wrapper > div.slider-input-container > input.native-slider,,2026-03-21 08:12:22 UTC,2026-03-21 08:12:23 UTC
314932,mousemove,544,484,#app > div.survey-wrapper > div.behavior-tracker-root > div.survey-page > main.survey-body > div.survey-section > div.slider-container > div.slider-bar-wrapper > div.slider-input-container > input.native-slider,,2026-03-21 08:12:23 UTC,2026-03-21 08:12:23 UTC
314933,mousemove,572,484,#app > div.survey-wrapper > div.behavior-tracker-root > div.survey-page > main.survey-body > div.survey-section > div.slider-container > div.slider-bar-wrapper > div.slider-input-container > input.native-slider,,2026-03-21 08:12:23 UTC,2026-03-21 08:12:23 UTC
314934,slider,,,.native-slider-8,,2026-03-21 08:12:23 UTC,2026-03-21 08:12:24 UTC
314935,mousemove,605,490,#app > div.survey-wrapper > div.behavior-tracker-root > div.survey-page > main.survey-body > div.survey-section > div.slider-container > div.slider-bar-wrapper > div.slider-input-container > input.native-slider,,2026-03-21 08:12:24 UTC,2026-03-21 08:12:24 UTC
314936,mousemove,620,490,#app > div.survey-wrapper > div.behavior-tracker-root > div.survey-page > main.survey-body > div.survey-section > div.slider-container > div.slider-bar-wrapper > div.slider-input-container > input.native-slider,,2026-03-21 08:12:25 UTC,2026-03-21 08:12:25 UTC
314937,mousemove,673,490,#app > div.survey-wrapper > div.behavior-tracker-root > div.survey-page > main.survey-body > div.survey-section > div.slider-container > div.slider-bar-wrapper > div.slider-input-container > input.native-slider,,2026-03-21 08:12:25 UTC,2026-03-21 08:12:25 UTC
314938,mousemove,674,490,#app > div.survey-wrapper > div.behavior-tracker-root > div.survey-page > main.survey-body > div.survey-section > div.slider-container > div.slider-bar-wrapper > div.slider-input-container > input.native-slider,,2026-03-21 08:12:26 UTC,2026-03-21 08:12:26 UTC
314939,mousemove,675,490,#app > div.survey-wrapper > div.behavior-tracker-root > div.survey-page > main.survey-body > div.survey-section > div.slider-container > div.slider-bar-wrapper > div.slider-input-container > input.native-slider,,2026-03-21 08:12:26 UTC,2026-03-21 08:12:26 UTC
314940,mousemove,631,495,#app > div.survey-wrapper > div.behavior-tracker-root > div.survey-page > main.survey-body > div.survey-section > div.slider-container > div.slider-bar-wrapper > div.slider-input-container > input.native-slider,,2026-03-21 08:12:27 UTC,2026-03-21 08:12:27 UTC
314941,mousemove,630,495,#app > div.survey-wrapper > div.behavior-tracker-root > div.survey-page > main.survey-body > div.survey-section > div.slider-container > div.slider-bar-wrapper > div.slider-input-container > input.native-slider,,2026-03-21 08:12:28 UTC,2026-03-21 08:12:28 UTC
314942,mousemove,629,497,#app > div.survey-wrapper > div.behavior-tracker-root > div.survey-page > main.survey-body > div.survey-section > div.slider-container > div.slider-bar-wrapper > div.slider-input-container > input.native-slider,,2026-03-21 08:12:30 UTC,2026-03-21 08:12:30 UTC
314943,mousemove,648,497,#app > div.survey-wrapper > div.behavior-tracker-root > div.survey-page > main.survey-body > div.survey-section > div.slider-container > div.slider-bar-wrapper > div.slider-input-container > input.native-slider,,2026-03-21 08:12:30 UTC,2026-03-21 08:12:30 UTC
314944,slider,,,.native-slider-8,,2026-03-21 08:12:30 UTC,2026-03-21 08:12:30 UTC
314945,mousemove,738,497,#app > div.survey-wrapper > div.behavior-tracker-root > div.survey-page > main.survey-body > div.survey-section > div.slider-container > div.slider-bar-wrapper > div.slider-input-container > input.native-slider,,2026-03-21 08:12:30 UTC,2026-03-21 08:12:30 UTC
314946,mousemove,770,490,#app > div.survey-wrapper > div.behavior-tracker-root > div.survey-page > main.survey-body > div.survey-section > div.slider-container > div.slider-bar-wrapper > div.slider-input-container > input.native-slider,,2026-03-21 08:12:31 UTC,2026-03-21 08:12:31 UTC
314947,slider,,,.native-slider-8,,2026-03-21 08:12:31 UTC,2026-03-21 08:12:31 UTC
314948,mousemove,901,482,#app > div.survey-wrapper > div.behavior-tracker-root > div.survey-page > main.survey-body > div.survey-section > div.slider-container > div.slider-bar-wrapper > div.slider-input-container > input.native-slider,,2026-03-21 08:12:31 UTC,2026-03-21 08:12:31 UTC
314949,slider,,,.native-slider-8,,2026-03-21 08:12:31 UTC,2026-03-21 08:12:31 UTC
314950,mousemove,972,482,#app > div.survey-wrapper > div.behavior-tracker-root > div.survey-page > main.survey-body > div.survey-section > div.slider-container > div.slider-bar-wrapper > div.slider-input-container > input.native-slider,,2026-03-21 08:12:31 UTC,2026-03-21 08:12:31 UTC
314951,slider,,,.native-slider-8,,2026-03-21 08:12:31 UTC,2026-03-21 08:12:31 UTC
314952,mousemove,1084,482,#app > div.survey-wrapper > div.behavior-tracker-root > div.survey-page > main.survey-body > div.survey-section > div.slider-container > div.slider-bar-wrapper > div.slider-input-container > input.native-slider,,2026-03-21 08:12:31 UTC,2026-03-21 08:12:32 UTC
314953,slider,,,.native-slider-8,,2026-03-21 08:12:32 UTC,2026-03-21 08:12:32 UTC
314954,mousemove,1137,484,#app > div.survey-wrapper > div.behavior-tracker-root > div.survey-page > main.survey-body > div.survey-section > div.slider-container > div.slider-bar-wrapper > div.slider-input-container > input.native-slider,,2026-03-21 08:12:32 UTC,2026-03-21 08:12:32 UTC
314955,mousemove,1153,484,#app > div.survey-wrapper > div.behavior-tracker-root > div.survey-page > main.survey-body > div.survey-section > div.slider-container > div.slider-bar-wrapper > div.slider-input-container > input.native-slider,,2026-03-21 08:12:32 UTC,2026-03-21 08:12:32 UTC
314956,mousemove,1150,484,#app > div.survey-wrapper > div.behavior-tracker-root > div.survey-page > main.survey-body > div.survey-section > div.slider-container > div.slider-bar-wrapper > div.slider-input-container > input.native-slider,,2026-03-21 08:12:32 UTC,2026-03-21 08:12:33 UTC
314957,mousemove,1146,484,#app > div.survey-wrapper > div.behavior-tracker-root > div.survey-page > main.survey-body > div.survey-section > div.slider-container > div.slider-bar-wrapper > div.slider-input-container > input.native-slider,,2026-03-21 08:12:33 UTC,2026-03-21 08:12:33 UTC
314958,mousemove,1116,486,#app > div.survey-wrapper > div.behavior-tracker-root > div.survey-page > main.survey-body > div.survey-section > div.slider-container > div.slider-bar-wrapper > div.slider-input-container > input.native-slider,,2026-03-21 08:12:33 UTC,2026-03-21 08:12:33 UTC
314959,mousemove,1114,487,#app > div.survey-wrapper > div.behavior-tracker-root > div.survey-page > main.survey-body > div.survey-section > div.slider-container > div.slider-bar-wrapper > div.slider-input-container > input.native-slider,,2026-03-21 08:12:34 UTC,2026-03-21 08:12:34 UTC
314960,slider,,,.native-slider-8,,2026-03-21 08:12:34 UTC,2026-03-21 08:12:34 UTC
314961,mousemove,1106,489,#app > div.survey-wrapper > div.behavior-tracker-root > div.survey-page > main.survey-body > div.survey-section > div.slider-container > div.slider-bar-wrapper > div.slider-input-container > input.native-slider,,2026-03-21 08:12:34 UTC,2026-03-21 08:12:34 UTC
314962,mousemove,1104,489,#app > div.survey-wrapper > div.behavior-tracker-root > div.survey-page > main.survey-body > div.survey-section > div.slider-container > div.slider-bar-wrapper > div.slider-input-container > input.native-slider,,2026-03-21 08:12:35 UTC,2026-03-21 08:12:35 UTC
314963,mousemove,1081,494,#app > div.survey-wrapper > div.behavior-tracker-root > div.survey-page > main.survey-body > div.survey-section > div.slider-container > div.slider-bar-wrapper > div.slider-input-container > input.native-slider,,2026-03-21 08:12:35 UTC,2026-03-21 08:12:36 UTC
314964,mousemove,1038,499,#app > div.survey-wrapper > div.behavior-tracker-root > div.survey-page > main.survey-body > div.survey-section > div.slider-container > div.slider-bar-wrapper > div.slider-input-container > input.native-slider,,2026-03-21 08:12:36 UTC,2026-03-21 08:12:36 UTC
314965,mousemove,1016,502,#app > div.survey-wrapper > div.behavior-tracker-root > div.survey-page > main.survey-body > div.survey-section > div.slider-container > div.slider-bar-wrapper > div.slider-input-container > input.native-slider,,2026-03-21 08:12:36 UTC,2026-03-21 08:12:36 UTC
314966,slider,,,.native-slider-8,,2026-03-21 08:12:36 UTC,2026-03-21 08:12:36 UTC
314967,mousemove,972,498,#app > div.survey-wrapper > div.behavior-tracker-root > div.survey-page > main.survey-body > div.survey-section > div.slider-container > div.slider-bar-wrapper > div.slider-input-container > input.native-slider,,2026-03-21 08:12:37 UTC,2026-03-21 08:12:37 UTC
314968,slider,,,.native-slider-8,,2026-03-21 08:12:37 UTC,2026-03-21 08:12:37 UTC
314969,mousemove,971,498,#app > div.survey-wrapper > div.behavior-tracker-root > div.survey-page > main.survey-body > div.survey-section > div.slider-container > div.slider-bar-wrapper,,2026-03-21 08:12:37 UTC,2026-03-21 08:12:37 UTC
314970,mousemove,816,498,#app > div.survey-wrapper > div.behavior-tracker-root > div.survey-page > main.survey-body > div.survey-section > div.slider-container > div.slider-bar-wrapper,,2026-03-21 08:12:37 UTC,2026-03-21 08:12:37 UTC
314971,scroll,,,,,2026-03-21 08:12:37 UTC,2026-03-21 08:12:37 UTC
314972,mousemove,746,498,#app > div.survey-wrapper > div.behavior-tracker-root > div.survey-page > main.survey-body > div.survey-section > div.slider-container > div.slider-bar-wrapper > div.slider-ticks > span,,2026-03-21 08:12:38 UTC,2026-03-21 08:12:38 UTC
314973,mousemove,501,450,#app > div.survey-wrapper > div.behavior-tracker-root > div.survey-page > main.survey-body > div.survey-section,,2026-03-21 08:12:38 UTC,2026-03-21 08:12:38 UTC
314974,mousemove,506,450,#app > div.survey-wrapper > div.behavior-tracker-root > div.survey-page > main.survey-body > div.survey-section,,2026-03-21 08:12:38 UTC,2026-03-21 08:12:39 UTC
314975,mousemove,517,458,#app > div.survey-wrapper > div.behavior-tracker-root > div.survey-page > main.survey-body > div.survey-section > div.slider-container > div.slider-bar-wrapper > div.slider-input-container > input.native-slider,,2026-03-21 08:12:40 UTC,2026-03-21 08:12:40 UTC
314976,mousemove,520,466,#app > div.survey-wrapper > div.behavior-tracker-root > div.survey-page > main.survey-body > div.survey-section > div.slider-container > div.slider-bar-wrapper > div.slider-input-container > input.native-slider,,2026-03-21 08:12:40 UTC,2026-03-21 08:12:40 UTC
314977,mousemove,521,466,#app > div.survey-wrapper > div.behavior-tracker-root > div.survey-page > main.survey-body > div.survey-section > div.slider-container > div.slider-bar-wrapper > div.slider-input-container > input.native-slider,,2026-03-21 08:12:42 UTC,2026-03-21 08:12:42 UTC
314978,slider,,,.native-slider-9,,2026-03-21 08:12:42 UTC,2026-03-21 08:12:43 UTC
314979,slider,,,.native-slider-9,,2026-03-21 08:12:44 UTC,2026-03-21 08:12:44 UTC
314980,mousemove,602,469,#app > div.survey-wrapper > div.behavior-tracker-root > div.survey-page > main.survey-body > div.survey-section > div.slider-container > div.slider-bar-wrapper > div.slider-input-container.disabled > input.native-slider,,2026-03-21 08:12:44 UTC,2026-03-21 08:12:45 UTC
314981,mousemove,603,471,#app > div.survey-wrapper > div.behavior-tracker-root > div.survey-page > main.survey-body > div.survey-section > div.slider-container > div.slider-bar-wrapper > div.slider-input-container.disabled > input.native-slider,,2026-03-21 08:12:45 UTC,2026-03-21 08:12:45 UTC
314982,scroll,,,,,2026-03-21 08:12:45 UTC,2026-03-21 08:12:45 UTC
314983,mousemove,603,476,#app > div.survey-wrapper > div.behavior-tracker-root > div.survey-page > main.survey-body > div.survey-section,,2026-03-21 08:12:45 UTC,2026-03-21 08:12:45 UTC
314984,scroll,,,,,2026-03-21 08:12:46 UTC,2026-03-21 08:12:46 UTC
314985,mousemove,593,500,#app > div.survey-wrapper > div.behavior-tracker-root > div.survey-page > main.survey-body > div.survey-section > div.slider-container > div.slider-bar-wrapper > div.slider-labels > span.label-min,,2026-03-21 08:12:46 UTC,2026-03-21 08:12:46 UTC
314986,mousemove,555,468,#app > div.survey-wrapper > div.behavior-tracker-root > div.survey-page > main.survey-body > div.survey-section > div.slider-container > div.slider-bar-wrapper > div.slider-ticks > span,,2026-03-21 08:12:46 UTC,2026-03-21 08:12:46 UTC
314987,mousemove,520,452,#app > div.survey-wrapper > div.behavior-tracker-root > div.survey-page > main.survey-body > div.survey-section > div.slider-container > div.slider-bar-wrapper > div.slider-input-container > input.native-slider,,2026-03-21 08:12:47 UTC,2026-03-21 08:12:47 UTC
314988,mousemove,520,450,#app > div.survey-wrapper > div.behavior-tracker-root > div.survey-page > main.survey-body > div.survey-section > div.slider-container > div.slider-bar-wrapper > div.slider-input-container > input.native-slider,,2026-03-21 08:12:51 UTC,2026-03-21 08:12:51 UTC
314989,slider,,,.native-slider-10,,2026-03-21 08:12:51 UTC,2026-03-21 08:12:51 UTC
314990,mousemove,617,448,#app > div.survey-wrapper > div.behavior-tracker-root > div.survey-page > main.survey-body > div.survey-section > div.slider-container > div.slider-bar-wrapper > div.slider-input-container > input.native-slider,,2026-03-21 08:12:52 UTC,2026-03-21 08:12:52 UTC
314991,mousemove,630,449,#app > div.survey-wrapper > div.behavior-tracker-root > div.survey-page > main.survey-body > div.survey-section > div.slider-container > div.slider-bar-wrapper > div.slider-input-container > input.native-slider,,2026-03-21 08:12:52 UTC,2026-03-21 08:12:52 UTC
314992,slider,,,.native-slider-10,,2026-03-21 08:12:53 UTC,2026-03-21 08:12:53 UTC
314993,mousemove,765,449,#app > div.survey-wrapper > div.behavior-tracker-root > div.survey-page > main.survey-body > div.survey-section > div.slider-container > div.slider-bar-wrapper > div.slider-input-container > input.native-slider,,2026-03-21 08:12:53 UTC,2026-03-21 08:12:53 UTC
314994,mousemove,769,449,#app > div.survey-wrapper > div.behavior-tracker-root > div.survey-page > main.survey-body > div.survey-section > div.slider-container > div.slider-bar-wrapper > div.slider-input-container > input.native-slider,,2026-03-21 08:12:55 UTC,2026-03-21 08:12:55 UTC
314995,mousemove,771,449,#app > div.survey-wrapper > div.behavior-tracker-root > div.survey-page > main.survey-body > div.survey-section > div.slider-container > div.slider-bar-wrapper > div.slider-input-container > input.native-slider,,2026-03-21 08:12:58 UTC,2026-03-21 08:12:58 UTC
314996,mousemove,772,449,#app > div.survey-wrapper > div.behavior-tracker-root > div.survey-page > main.survey-body > div.survey-section > div.slider-container > div.slider-bar-wrapper > div.slider-input-container > input.native-slider,,2026-03-21 08:13:02 UTC,2026-03-21 08:13:02 UTC
314997,slider,,,.native-slider-10,,2026-03-21 08:13:02 UTC,2026-03-21 08:13:02 UTC
314998,mousemove,825,450,#app > div.survey-wrapper > div.behavior-tracker-root > div.survey-page > main.survey-body > div.survey-section > div.slider-container > div.slider-bar-wrapper > div.slider-input-container > input.native-slider,,2026-03-21 08:13:03 UTC,2026-03-21 08:13:03 UTC
314999,mousemove,827,450,#app > div.survey-wrapper > div.behavior-tracker-root > div.survey-page > main.survey-body > div.survey-section > div.slider-container > div.slider-bar-wrapper > div.slider-input-container > input.native-slider,,2026-03-21 08:13:04 UTC,2026-03-21 08:13:04 UTC
315000,mousemove,832,451,#app > div.survey-wrapper > div.behavior-tracker-root > div.survey-page > main.survey-body > div.survey-section > div.slider-container > div.slider-bar-wrapper > div.slider-input-container > input.native-slider,,2026-03-21 08:13:05 UTC,2026-03-21 08:13:05 UTC
315001,mousemove,896,451,#app > div.survey-wrapper > div.behavior-tracker-root > div.survey-page > main.survey-body > div.survey-section > div.slider-container > div.slider-bar-wrapper > div.slider-input-container > input.native-slider,,2026-03-21 08:13:05 UTC,2026-03-21 08:13:06 UTC
315002,slider,,,.native-slider-10,,2026-03-21 08:13:06 UTC,2026-03-21 08:13:06 UTC
315003,mousemove,952,454,#app > div.survey-wrapper > div.behavior-tracker-root > div.survey-page > main.survey-body > div.survey-section > div.slider-container > div.slider-bar-wrapper > div.slider-input-container > input.native-slider,,2026-03-21 08:13:08 UTC,2026-03-21 08:13:08 UTC
315004,mousemove,906,466,#app > div.survey-wrapper > div.behavior-tracker-root > div.survey-page > main.survey-body > div.survey-section > div.slider-container > div.slider-bar-wrapper > div.slider-input-container > input.native-slider,,2026-03-21 08:13:08 UTC,2026-03-21 08:13:09 UTC
315005,mousemove,901,467,#app > div.survey-wrapper > div.behavior-tracker-root > div.survey-page > main.survey-body > div.survey-section > div.slider-container > div.slider-bar-wrapper > div.slider-input-container > input.native-slider,,2026-03-21 08:13:09 UTC,2026-03-21 08:13:09 UTC
315006,slider,,,.native-slider-10,,2026-03-21 08:13:09 UTC,2026-03-21 08:13:09 UTC
315007,slider,,,.native-slider-10,,2026-03-21 08:13:09 UTC,2026-03-21 08:13:09 UTC
315008,mousemove,883,460,#app > div.survey-wrapper > div.behavior-tracker-root > div.survey-page > main.survey-body > div.survey-section > div.slider-container > div.slider-bar-wrapper,,2026-03-21 08:13:09 UTC,2026-03-21 08:13:09 UTC
315009,mousemove,841,450,#app > div.survey-wrapper > div.behavior-tracker-root > div.survey-page > main.survey-body > div.survey-section > div.slider-container > div.slider-bar-wrapper > div.slider-input-container.disabled > input.native-slider,,2026-03-21 08:13:10 UTC,2026-03-21 08:13:10 UTC
315010,scroll,,,,,2026-03-21 08:13:10 UTC,2026-03-21 08:13:10 UTC
315011,mousemove,827,450,#app > div.survey-wrapper > div.behavior-tracker-root > div.survey-page > main.survey-body > div.survey-section > div.slider-container > div.slider-bar-wrapper > div.slider-ticks > span,,2026-03-21 08:13:10 UTC,2026-03-21 08:13:10 UTC
315012,mousemove,540,418,#app > div.survey-wrapper > div.behavior-tracker-root > div.survey-page > main.survey-body > div.survey-section > div.slider-container > div.slider-bar-wrapper > div.slider-input-container > input.native-slider,,2026-03-21 08:13:10 UTC,2026-03-21 08:13:10 UTC
315013,mousemove,527,418,#app > div.survey-wrapper > div.behavior-tracker-root > div.survey-page > main.survey-body > div.survey-section > div.slider-container > div.slider-bar-wrapper > div.slider-input-container > input.native-slider,,2026-03-21 08:13:11 UTC,2026-03-21 08:13:11 UTC
315014,mousemove,522,422,#app > div.survey-wrapper > div.behavior-tracker-root > div.survey-page > main.survey-body > div.survey-section > div.slider-container > div.slider-bar-wrapper > div.slider-input-container > input.native-slider,,2026-03-21 08:13:11 UTC,2026-03-21 08:13:12 UTC
315015,mousemove,523,436,#app > div.survey-wrapper > div.behavior-tracker-root > div.survey-page > main.survey-body > div.survey-section > div.slider-container > div.slider-bar-wrapper > div.slider-input-container > input.native-slider,,2026-03-21 08:13:12 UTC,2026-03-21 08:13:12 UTC
315016,slider,,,.native-slider-11,,2026-03-21 08:13:13 UTC,2026-03-21 08:13:13 UTC
315017,mousemove,632,437,#app > div.survey-wrapper > div.behavior-tracker-root > div.survey-page > main.survey-body > div.survey-section > div.slider-container > div.slider-bar-wrapper > div.slider-input-container > input.native-slider,,2026-03-21 08:13:13 UTC,2026-03-21 08:13:13 UTC
315018,mousemove,636,437,#app > div.survey-wrapper > div.behavior-tracker-root > div.survey-page > main.survey-body > div.survey-section > div.slider-container > div.slider-bar-wrapper > div.slider-input-container > input.native-slider,,2026-03-21 08:13:13 UTC,2026-03-21 08:13:13 UTC
315019,mousemove,663,437,#app > div.survey-wrapper > div.behavior-tracker-root > div.survey-page > main.survey-body > div.survey-section > div.slider-container > div.slider-bar-wrapper > div.slider-input-container > input.native-slider,,2026-03-21 08:13:16 UTC,2026-03-21 08:13:16 UTC
315020,slider,,,.native-slider-11,,2026-03-21 08:13:16 UTC,2026-03-21 08:13:16 UTC
315021,slider,,,.native-slider-11,,2026-03-21 08:13:16 UTC,2026-03-21 08:13:16 UTC
315022,mousemove,800,434,#app > div.survey-wrapper > div.behavior-tracker-root > div.survey-page > main.survey-body > div.survey-section > div.slider-container > div.slider-bar-wrapper > div.slider-input-container > input.native-slider,,2026-03-21 08:13:16 UTC,2026-03-21 08:13:16 UTC
315023,mousemove,829,434,#app > div.survey-wrapper > div.behavior-tracker-root > div.survey-page > main.survey-body > div.survey-section > div.slider-container > div.slider-bar-wrapper > div.slider-input-container > input.native-slider,,2026-03-21 08:13:17 UTC,2026-03-21 08:13:17 UTC
315024,slider,,,.native-slider-11,,2026-03-21 08:13:17 UTC,2026-03-21 08:13:17 UTC
315025,mousemove,911,434,#app > div.survey-wrapper > div.behavior-tracker-root > div.survey-page > main.survey-body > div.survey-section > div.slider-container > div.slider-bar-wrapper > div.slider-input-container > input.native-slider,,2026-03-21 08:13:17 UTC,2026-03-21 08:13:17 UTC
315026,mousemove,901,434,#app > div.survey-wrapper > div.behavior-tracker-root > div.survey-page > main.survey-body > div.survey-section > div.slider-container > div.slider-bar-wrapper > div.slider-input-container > input.native-slider,,2026-03-21 08:13:17 UTC,2026-03-21 08:13:18 UTC
315027,slider,,,.native-slider-11,,2026-03-21 08:13:17 UTC,2026-03-21 08:13:18 UTC
315028,mousemove,867,434,#app > div.survey-wrapper > div.behavior-tracker-root > div.survey-page > main.survey-body > div.survey-section > div.slider-container > div.slider-bar-wrapper > div.slider-input-container > input.native-slider,,2026-03-21 08:13:18 UTC,2026-03-21 08:13:18 UTC
315029,slider,,,.native-slider-11,,2026-03-21 08:13:19 UTC,2026-03-21 08:13:19 UTC
315030,mousemove,865,434,#app > div.survey-wrapper > div.behavior-tracker-root > div.survey-page > main.survey-body > div.survey-section > div.slider-container > div.slider-bar-wrapper > div.slider-input-container.disabled > input.native-slider,,2026-03-21 08:13:19 UTC,2026-03-21 08:13:19 UTC
315031,mousemove,836,444,#app > div.survey-wrapper > div.behavior-tracker-root > div.survey-page > main.survey-body > div.survey-section > div.slider-container > div.slider-bar-wrapper,,2026-03-21 08:13:19 UTC,2026-03-21 08:13:19 UTC
315032,scroll,,,,,2026-03-21 08:13:19 UTC,2026-03-21 08:13:19 UTC
315033,mousemove,800,460,#app > div.survey-wrapper > div.behavior-tracker-root > div.survey-page > main.survey-body > div.survey-section > div.slider-container > div.slider-bar-wrapper > div.slider-input-container > input.native-slider,,2026-03-21 08:13:19 UTC,2026-03-21 08:13:19 UTC
315034,mousemove,583,459,#app > div.survey-wrapper > div.behavior-tracker-root > div.survey-page > main.survey-body > div.survey-section > div.slider-container > div.slider-bar-wrapper > div.slider-input-container > input.native-slider,,2026-03-21 08:13:20 UTC,2026-03-21 08:13:20 UTC
315035,mousemove,542,465,#app > div.survey-wrapper > div.behavior-tracker-root > div.survey-page > main.survey-body > div.survey-section > div.slider-container > div.slider-bar-wrapper > div.slider-input-container > input.native-slider,,2026-03-21 08:13:20 UTC,2026-03-21 08:13:20 UTC
315036,mousemove,535,456,#app > div.survey-wrapper > div.behavior-tracker-root > div.survey-page > main.survey-body > div.survey-section > div.slider-container > div.slider-bar-wrapper > div.slider-input-container > input.native-slider,,2026-03-21 08:13:20 UTC,2026-03-21 08:13:21 UTC
315037,mousemove,529,456,#app > div.survey-wrapper > div.behavior-tracker-root > div.survey-page > main.survey-body > div.survey-section > div.slider-container > div.slider-bar-wrapper > div.slider-input-container > input.native-slider,,2026-03-21 08:13:21 UTC,2026-03-21 08:13:21 UTC
315038,mousemove,524,465,#app > div.survey-wrapper > div.behavior-tracker-root > div.survey-page > main.survey-body > div.survey-section > div.slider-container > div.slider-bar-wrapper > div.slider-input-container > input.native-slider,,2026-03-21 08:13:23 UTC,2026-03-21 08:13:23 UTC
315039,slider,,,.native-slider-12,,2026-03-21 08:13:23 UTC,2026-03-21 08:13:23 UTC
315040,slider,,,.native-slider-12,,2026-03-21 08:13:23 UTC,2026-03-21 08:13:23 UTC
315041,slider,,,.native-slider-12,,2026-03-21 08:13:23 UTC,2026-03-21 08:13:23 UTC
315042,slider,,,.native-slider-12,,2026-03-21 08:13:23 UTC,2026-03-21 08:13:23 UTC
315043,slider,,,.native-slider-12,,2026-03-21 08:13:23 UTC,2026-03-21 08:13:23 UTC
315044,mousemove,1051,466,#app > div.survey-wrapper > div.behavior-tracker-root > div.survey-page > main.survey-body > div.survey-section > div.slider-container > div.slider-bar-wrapper > div.slider-input-container > input.native-slider,,2026-03-21 08:13:23 UTC,2026-03-21 08:13:23 UTC
315045,slider,,,.native-slider-12,,2026-03-21 08:13:23 UTC,2026-03-21 08:13:23 UTC
315046,slider,,,.native-slider-12,,2026-03-21 08:13:23 UTC,2026-03-21 08:13:23 UTC
315047,mousemove,1172,467,#app > div.survey-wrapper > div.behavior-tracker-root > div.survey-page > main.survey-body > div.survey-section > div.slider-container > div.slider-bar-wrapper > div.slider-input-container.disabled > input.native-slider,,2026-03-21 08:13:23 UTC,2026-03-21 08:13:23 UTC
315048,mousemove,865,531,#app > div.survey-wrapper > div.behavior-tracker-root > div.survey-page > main.survey-body > div.survey-section,,2026-03-21 08:13:24 UTC,2026-03-21 08:13:24 UTC
315049,mousemove,976,510,#app > div.survey-wrapper > div.behavior-tracker-root > div.survey-page > main.survey-body > div.survey-section > div.slider-container > div.slider-bar-wrapper,,2026-03-21 08:13:24 UTC,2026-03-21 08:13:24 UTC
315050,scroll,,,,,2026-03-21 08:13:24 UTC,2026-03-21 08:13:24 UTC
315051,scroll,,,,,2026-03-21 08:13:24 UTC,2026-03-21 08:13:24 UTC
315052,mousemove,962,510,#app > div.survey-wrapper > div.behavior-tracker-root > div.survey-page > main.survey-body > div.survey-section > label.question-label,,2026-03-21 08:13:25 UTC,2026-03-21 08:13:25 UTC
315053,scroll,,,,,2026-03-21 08:13:25 UTC,2026-03-21 08:13:25 UTC
315054,mousemove,926,470,#app > div.survey-wrapper > div.behavior-tracker-root > div.survey-page > main.survey-body > div.survey-section,,2026-03-21 08:13:25 UTC,2026-03-21 08:13:25 UTC
315055,scroll,,,,,2026-03-21 08:13:25 UTC,2026-03-21 08:13:25 UTC
315056,mousemove,922,446,#app > div.survey-wrapper > div.behavior-tracker-root > div.survey-page > main.survey-body > div.survey-section > div.slider-container > div.slider-bar-wrapper,,2026-03-21 08:13:25 UTC,2026-03-21 08:13:25 UTC
315057,mousemove,947,469,#app > div.survey-wrapper > div.behavior-tracker-root > div.survey-page > main.survey-body > div.survey-section > div.slider-container > div.slider-bar-wrapper > div.slider-input-container.disabled > input.native-slider,,2026-03-21 08:13:26 UTC,2026-03-21 08:13:26 UTC
315058,click,859,643,#app > div.survey-wrapper > div.behavior-tracker-root > div.survey-page > main.survey-body > div.submit-row > button.submit-btn,,2026-03-21 08:13:26 UTC,2026-03-21 08:13:26 UTC
315059,mousemove,859,644,#app > div.survey-wrapper > div.behavior-tracker-root > div.survey-page > main.survey-body > div.submit-row > button.submit-btn,,2026-03-21 08:13:27 UTC,2026-03-21 08:13:27 UTC
315060,mousemove,640,389,#app > div.survey-wrapper > div.behavior-tracker-root > div.survey-page > main.survey-body > div.survey-section,,2026-03-21 08:13:27 UTC,2026-03-21 08:13:27 UTC
315061,mousemove,955,322,#app > div.survey-wrapper > div.behavior-tracker-root > div.survey-page > main.survey-body > div.survey-section > div.slider-container > div.slider-bar-wrapper > div.slider-labels,,2026-03-21 08:13:27 UTC,2026-03-21 08:13:27 UTC
315062,mousemove,1020,338,#app > div.survey-wrapper > div.behavior-tracker-root > div.survey-page > main.survey-body > div.survey-section,,2026-03-21 08:13:28 UTC,2026-03-21 08:13:28 UTC
315063,mousemove,762,739,#app > div.survey-wrapper,,2026-03-21 08:13:28 UTC,2026-03-21 08:13:28 UTC
